Workbook

Sheet الملخص
B2: كميات الخرسانة السيكلوبية (دبش + خرسانة) – القواعد المهشرة – المنطقة الثانية
B3: الحفر والردم الإضافيان الناتجان عن بند السيكلوبين مقارنةً بالحفر على مساحة النظافة
B5: أولاً: المعطيات
B6: البند | C6: القيمة | D6: الوحدة | E6: ملاحظة
B7: منسوب الحفر العام (بداية حفر القواعد) | C7: 1120.9 | D7: م | E7: مُدخل
B8: منسوب الحفر النهائي = منسوب أسفل السيكلوبين | C8: 1118 | D8: م | E8: مُدخل
B9: سماكة طبقة السيكلوبين | C9: 0.5 | D9: م | E9: مُدخل
B10: منسوب سطح السيكلوبين = منسوب تأسيس القواعد | C10: =C8+C9 -> 1118.5 | D10: م | E10: محسوب
B11: عمق الحفر من المنسوب العام إلى منسوب الحفر النهائي | C11: =C7-C8 -> 2.9 | D11: م | E11: محسوب
B12: ارتفاع الردم فوق السيكلوبين حتى المنسوب العام | C12: =C7-C10 -> 2.4 | D12: م | E12: محسوب
B13: إزاحة السيكلوبين حول القواعد | C13: 1 | D13: م | E13: لا إزاحة على الوجه الخارجي للجدار الاستنادي
B16: ثانياً: ملخص الكميات
B17: البند | C17: المعتمد: الإزاحة من وجه الخرسانة | D17: للمقارنة: الإزاحة من حد النظافة | E17: الوحدة
B18: مساحة النظافة (القواعد المهشرة) | C18: ='الإزاحة 1 م من وجه الخرسانة'!D12 -> 243.68 | D18: ='بديل - الإزاحة من حد النظافة'!D12 -> 243.68 | E18: م²
B19: مساحة السيكلوبين | C19: ='الإزاحة 1 م من وجه الخرسانة'!E12 -> 369.84 | D19: ='بديل - الإزاحة من حد النظافة'!E12 -> 384.25 | E19: م²
B20: مساحة شريط الإزاحة | C20: ='الإزاحة 1 م من وجه الخرسانة'!F12 -> 126.16 | D20: ='بديل - الإزاحة من حد النظافة'!F12 -> 140.57 | E20: م²
B21: الحفر قبل – على مساحة النظافة | C21: ='الإزاحة 1 م من وجه الخرسانة'!G12 -> 706.672 | D21: ='بديل - الإزاحة من حد النظافة'!G12 -> 706.672 | E21: م³
B22: الحفر بعد – على مساحة السيكلوبين | C22: ='الإزاحة 1 م من وجه الخرسانة'!H12 -> 1072.536 | D22: ='بديل - الإزاحة من حد النظافة'!H12 -> 1114.325 | E22: م³
B23: الحفر الزائد | C23: ='الإزاحة 1 م من وجه الخرسانة'!I12 -> 365.864 | D23: ='بديل - الإزاحة من حد النظافة'!I12 -> 407.653 | E23: م³
B24: خرسانة السيكلوبين (دبش + خرسانة) | C24: ='الإزاحة 1 م من وجه الخرسانة'!J12 -> 184.92 | D24: ='بديل - الإزاحة من حد النظافة'!J12 -> 192.125 | E24: م³
B25: الردم قبل – حتى 1120.9 | C25: ='الردم'!N20 -> 486.122 | D25: — | E25: م³
B26: الردم بعد – حتى 1120.9 | C26: ='الردم'!N11 -> 686.316 | D26: — | E26: م³
B27: فرق الردم (زيادة) | C27: =C26-C25 -> 200.194 | D27: — | E27: م³
B29: • المعتمد: إزاحة 1 م من وجه الخرسانة (العمود الأول)؛ العمود الثاني للمقارنة فقط.
B30: • الخلايا الصفراء في المعطيات قابلة للتعديل وتُحدّث كل الجداول تلقائياً.

Sheet المقارنة
B2: جدول مقارنة: قبل (الحفر على مساحة النظافة) – بعد (الحفر على مساحة السيكلوبين)
B3: الإزاحة 1 م من وجه الخرسانة – الحفر من 1120.9 إلى 1118.0 – السيكلوبين من 1118.0 إلى 1118.5 – الردم من 1118.5 إلى 1120.9
D4: المساحة (م²) | G4: الحفر (م³) | K4: السيكلوبين (م³) | L4: الردم حتى 1120.9 (م³)
B5: م | C5: القاعدة | D5: قبل (النظافة) | E5: بعد (السيكلوبين) | F5: الفرق | G5: قبل | H5: بعد | I5: الفرق (زيادة) | J5: نسبة الزيادة | K5: الكمية | L5: قبل | M5: بعد | N5: الفرق
B6: 1 | C6: قاعدة الجدار الاستنادي – الجزء الشمالي والشرقي | D6: ='الإزاحة 1 م من وجه الخرسانة'!D7 -> 180.09 | E6: ='الإزاحة 1 م من وجه الخرسانة'!E7 -> 254 | F6: =E6-D6 -> 73.91 | G6: ='الإزاحة 1 م من وجه الخرسانة'!G7 -> 522.261 | H6: ='الإزاحة 1 م من وجه الخرسانة'!H7 -> 736.6 | I6: =H6-G6 -> 214.339 | J6: =I6/G6 -> 0.41040591 | K6: ='الإزاحة 1 م من وجه الخرسانة'!J7 -> 127 | L6: ='الردم'!N15 -> 356.08 | M6: ='الردم'!N6 -> 457.944 | N6: =M6-L6 -> 101.864
B7: 2 | C7: قاعدة الجدار الاستنادي – الجزء الجنوبي والمنحنى | D7: ='الإزاحة 1 م من وجه الخرسانة'!D8 -> 38.65 | E7: ='الإزاحة 1 م من وجه الخرسانة'!E8 -> 58.35 | F7: =E7-D7 -> 19.7 | G7: ='الإزاحة 1 م من وجه الخرسانة'!G8 -> 112.085 | H7: ='الإزاحة 1 م من وجه الخرسانة'!H8 -> 169.215 | I7: =H7-G7 -> 57.13 | J7: =I7/G7 -> 0.50970246 | K7: ='الإزاحة 1 م من وجه الخرسانة'!J8 -> 29.175 | L7: ='الردم'!N16 -> 72.525 | M7: ='الردم'!N7 -> 104.64 | N7: =M7-L7 -> 32.115
B8: 3 | C8: قاعدة منفصلة P1 | D8: ='الإزاحة 1 م من وجه الخرسانة'!D9 -> 14.44 | E8: ='الإزاحة 1 م من وجه الخرسانة'!E9 -> 28.33 | F8: =E8-D8 -> 13.89 | G8: ='الإزاحة 1 م من وجه الخرسانة'!G9 -> 41.876 | H8: ='الإزاحة 1 م من وجه الخرسانة'!H9 -> 82.157 | I8: =H8-G8 -> 40.281 | J8: =I8/G8 -> 0.96191136 | K8: ='الإزاحة 1 م من وجه الخرسانة'!J9 -> 14.165 | L8: ='الردم'!N17 -> 32.973 | M8: ='الردم'!N8 -> 59.334 | N8: =M8-L8 -> 26.361
B9: 4 | C9: قاعدة منفصلة P2 | D9: ='الإزاحة 1 م من وجه الخرسانة'!D10 -> 5.25 | E9: ='الإزاحة 1 م من وجه الخرسانة'!E10 -> 16.29 | F9: =E9-D9 -> 11.04 | G9: ='الإزاحة 1 م من وجه الخرسانة'!G10 -> 15.225 | H9: ='الإزاحة 1 م من وجه الخرسانة'!H10 -> 47.241 | I9: =H9-G9 -> 32.016 | J9: =I9/G9 -> 2.1028571 | K9: ='الإزاحة 1 م من وجه الخرسانة'!J10 -> 8.145 | L9: ='الردم'!N18 -> 12.272 | M9: ='الردم'!N9 -> 36.303 | N9: =M9-L9 -> 24.031
B10: 5 | C10: قاعدة منفصلة P3 | D10: ='الإزاحة 1 م من وجه الخرسانة'!D11 -> 5.25 | E10: ='الإزاحة 1 م من وجه الخرسانة'!E11 -> 12.87 | F10: =E10-D10 -> 7.62 | G10: ='الإزاحة 1 م من وجه الخرسانة'!G11 -> 15.225 | H10: ='الإزاحة 1 م من وجه الخرسانة'!H11 -> 37.323 | I10: =H10-G10 -> 22.098 | J10: =I10/G10 -> 1.4514286 | K10: ='الإزاحة 1 م من وجه الخرسانة'!J11 -> 6.435 | L10: ='الردم'!N19 -> 12.272 | M10: ='الردم'!N10 -> 28.095 | N10: =M10-L10 -> 15.823
B11: المجموع | D11: ='الإزاحة 1 م من وجه الخرسانة'!D12 -> 243.68 | E11: ='الإزاحة 1 م من وجه الخرسانة'!E12 -> 369.84 | F11: =E11-D11 -> 126.16 | G11: ='الإزاحة 1 م من وجه الخرسانة'!G12 -> 706.672 | H11: ='الإزاحة 1 م من وجه الخرسانة'!H12 -> 1072.536 | I11: =H11-G11 -> 365.864 | J11: =I11/G11 -> 0.51772817 | K11: ='الإزاحة 1 م من وجه الخرسانة'!J12 -> 184.92 | L11: ='الردم'!N20 -> 486.122 | M11: ='الردم'!N11 -> 686.316 | N11: =M11-L11 -> 200.194
B13: ملاحظات:
B14: • قبل: حفر القواعد على مساحة النظافة فقط (بدون سيكلوبين)، والقواعد على منسوب 1118.0.
B15: • بعد: الحفر على مساحة السيكلوبين (القواعد + 1 م من وجه الخرسانة، بدون إزاحة على الوجه الخارجي للجدار الاستنادي).
B16: • الردم = الحفر − السيكلوبين − خرسانة القواعد − رقاب الأعمدة والجدران حتى 1120.9 (التفصيل في صفحة الردم).
B17: • الأرقام باللون الأحمر هي الفروقات الناتجة عن بند السيكلوبين؛ الأرقام الخضراء مرتبطة بصفحة التفصيل.

Sheet الردم
B2: حساب الردم = الحفر − السيكلوبين − خرسانة القواعد − رقاب الأعمدة والجدران
B3: الردم حتى منسوب التسوية 1120.9 – الإزاحة 1 م من وجه الخرسانة
B4: أولاً: بعد – القواعد على السيكلوبين (أسفل القاعدة 1118.5)، الحفر على مساحة السيكلوبين
B5: م | C5: القاعدة | D5: سماكة القاعدة (م) | E5: منسوب أسفل القاعدة | F5: منسوب سطح القاعدة | G5: الحفر (م³) | H5: السيكلوبين (م³) | I5: مساحة خرسانة القاعدة (م²) | J5: خرسانة القاعدة (م³) | K5: مساحة الرقاب والجدران (م²) | L5: ارتفاع الرقاب (م) | M5: حجم الرقاب والجدران (م³) | N5: الردم (م³)
B6: 1 | C6: قاعدة الجدار الاستنادي – الجزء الشمالي والشرقي | D6: 0.6 | E6: ='الملخص'!$C$10 -> 1118.5 | F6: =E6+D6 -> 1119.1 | G6: ='الإزاحة 1 م من وجه الخرسانة'!H7 -> 736.6 | H6: ='الإزاحة 1 م من وجه الخرسانة'!J7 -> 127 | I6: 165.61 | J6: =I6*D6 -> 99.366 | K6: 29.05 | L6: ='الملخص'!$C$7-F6 -> 1.8 | M6: =K6*L6 -> 52.29 | N6: =G6-H6-J6-M6 -> 457.944
B7: 2 | C7: قاعدة الجدار الاستنادي – الجزء الجنوبي والمنحنى | D7: 0.6 | E7: ='الملخص'!$C$10 -> 1118.5 | F7: =E7+D7 -> 1119.1 | G7: ='الإزاحة 1 م من وجه الخرسانة'!H8 -> 169.215 | H7: ='الإزاحة 1 م من وجه الخرسانة'!J8 -> 29.175 | I7: 34.04 | J7: =I7*D7 -> 20.424 | K7: 8.32 | L7: ='الملخص'!$C$7-F7 -> 1.8 | M7: =K7*L7 -> 14.976 | N7: =G7-H7-J7-M7 -> 104.64
B8: 3 | C8: قاعدة منفصلة P1 | D8: 0.6 | E8: ='الملخص'!$C$10 -> 1118.5 | F8: =E8+D8 -> 1119.1 | G8: ='الإزاحة 1 م من وجه الخرسانة'!H9 -> 82.157 | H8: ='الإزاحة 1 م من وجه الخرسانة'!J9 -> 14.165 | I8: 12.96 | J8: =I8*D8 -> 7.776 | K8: 0.49 | L8: ='الملخص'!$C$7-F8 -> 1.8 | M8: =K8*L8 -> 0.882 | N8: =G8-H8-J8-M8 -> 59.334
B9: 4 | C9: قاعدة منفصلة P2 | D9: 0.5 | E9: ='الملخص'!$C$10 -> 1118.5 | F9: =E9+D9 -> 1119 | G9: ='الإزاحة 1 م من وجه الخرسانة'!H10 -> 47.241 | H9: ='الإزاحة 1 م من وجه الخرسانة'!J10 -> 8.145 | I9: 4.37 | J9: =I9*D9 -> 2.185 | K9: 0.32 | L9: ='الملخص'!$C$7-F9 -> 1.9 | M9: =K9*L9 -> 0.608 | N9: =G9-H9-J9-M9 -> 36.303
B10: 5 | C10: قاعدة منفصلة P3 | D10: 0.5 | E10: ='الملخص'!$C$10 -> 1118.5 | F10: =E10+D10 -> 1119 | G10: ='الإزاحة 1 م من وجه الخرسانة'!H11 -> 37.323 | H10: ='الإزاحة 1 م من وجه الخرسانة'!J11 -> 6.435 | I10: 4.37 | J10: =I10*D10 -> 2.185 | K10: 0.32 | L10: ='الملخص'!$C$7-F10 -> 1.9 | M10: =K10*L10 -> 0.608 | N10: =G10-H10-J10-M10 -> 28.095
B11: المجموع | G11: =SUM(G6:G10) -> 1072.536 | H11: =SUM(H6:H10) -> 184.92 | I11: =SUM(I6:I10) -> 221.35 | J11: =SUM(J6:J10) -> 131.936 | K11: =SUM(K6:K10) -> 38.5 | M11: =SUM(M6:M10) -> 69.364 | N11: =SUM(N6:N10) -> 686.316
B13: ثانياً: قبل – القواعد على منسوب 1118.0 مباشرة، الحفر على مساحة النظافة
B14: م | C14: القاعدة | D14: سماكة القاعدة (م) | E14: منسوب أسفل القاعدة | F14: منسوب سطح القاعدة | G14: الحفر (م³) | H14: السيكلوبين (م³) | I14: مساحة خرسانة القاعدة (م²) | J14: خرسانة القاعدة (م³) | K14: مساحة الرقاب والجدران (م²) | L14: ارتفاع الرقاب (م) | M14: حجم الرقاب والجدران (م³) | N14: الردم (م³)
B15: 1 | C15: قاعدة الجدار الاستنادي – الجزء الشمالي والشرقي | D15: 0.6 | E15: ='الملخص'!$C$8 -> 1118 | F15: =E15+D15 -> 1118.6 | G15: ='الإزاحة 1 م من وجه الخرسانة'!G7 -> 522.261 | H15: 0 | I15: 165.61 | J15: =I15*D15 -> 99.366 | K15: 29.05 | L15: ='الملخص'!$C$7-F15 -> 2.3 | M15: =K15*L15 -> 66.815 | N15: =G15-H15-J15-M15 -> 356.08
B16: 2 | C16: قاعدة الجدار الاستنادي – الجزء الجنوبي والمنحنى | D16: 0.6 | E16: ='الملخص'!$C$8 -> 1118 | F16: =E16+D16 -> 1118.6 | G16: ='الإزاحة 1 م من وجه الخرسانة'!G8 -> 112.085 | H16: 0 | I16: 34.04 | J16: =I16*D16 -> 20.424 | K16: 8.32 | L16: ='الملخص'!$C$7-F16 -> 2.3 | M16: =K16*L16 -> 19.136 | N16: =G16-H16-J16-M16 -> 72.525
B17: 3 | C17: قاعدة منفصلة P1 | D17: 0.6 | E17: ='الملخص'!$C$8 -> 1118 | F17: =E17+D17 -> 1118.6 | G17: ='الإزاحة 1 م من وجه الخرسانة'!G9 -> 41.876 | H17: 0 | I17: 12.96 | J17: =I17*D17 -> 7.776 | K17: 0.49 | L17: ='الملخص'!$C$7-F17 -> 2.3 | M17: =K17*L17 -> 1.127 | N17: =G17-H17-J17-M17 -> 32.973
B18: 4 | C18: قاعدة منفصلة P2 | D18: 0.5 | E18: ='الملخص'!$C$8 -> 1118 | F18: =E18+D18 -> 1118.5 | G18: ='الإزاحة 1 م من وجه الخرسانة'!G10 -> 15.225 | H18: 0 | I18: 4.37 | J18: =I18*D18 -> 2.185 | K18: 0.32 | L18: ='الملخص'!$C$7-F18 -> 2.4 | M18: =K18*L18 -> 0.768 | N18: =G18-H18-J18-M18 -> 12.272
B19: 5 | C19: قاعدة منفصلة P3 | D19: 0.5 | E19: ='الملخص'!$C$8 -> 1118 | F19: =E19+D19 -> 1118.5 | G19: ='الإزاحة 1 م من وجه الخرسانة'!G11 -> 15.225 | H19: 0 | I19: 4.37 | J19: =I19*D19 -> 2.185 | K19: 0.32 | L19: ='الملخص'!$C$7-F19 -> 2.4 | M19: =K19*L19 -> 0.768 | N19: =G19-H19-J19-M19 -> 12.272
B20: المجموع | G20: =SUM(G15:G19) -> 706.672 | H20: =SUM(H15:H19) -> 0 | I20: =SUM(I15:I19) -> 221.35 | J20: =SUM(J15:J19) -> 131.936 | K20: =SUM(K15:K19) -> 38.5 | M20: =SUM(M15:M19) -> 88.614 | N20: =SUM(N15:N19) -> 486.122
B22: ملاحظات:
B23: • سماكات القواعد: قاعدة الجدار الاستنادي 60 سم (RAFT Thickness 60cm في الرسم)، F3 = 60 سم، F2 = 50 سم (جدول القواعد).
B24: • مساحة خرسانة القاعدة = خط التهشير مُزاحاً 10 سم للداخل (التهشير مرسوم على حد النظافة).
B25: • الرقاب والجدران: الأعمدة (S-S-COLUMN HATCH) والجدار الاستنادي والجدران الواقعة فوق القواعد، من سطح القاعدة حتى 1120.9.
B26: • لم تُخصم الجسور الأرضية (G.B1) ولا خرسانة النظافة في حالة "قبل" – تحتاج مقاطعها وسماكتها.
B27: • الخلايا الزرقاء من الرسم أو جدول القواعد، والخضراء مرتبطة بصفحات أخرى، والباقي معادلات.

Sheet الإزاحة 1 م من وجه الخرسانة
B2: جدول تفصيلي – الإزاحة 1 م من وجه الخرسانة
B3: المعتمد: الإزاحة 1.0 م مقيسة من وجه الخرسانة (0.9 م من حد النظافة) – بدون إزاحة على الوجه الخارجي للجدار الاستنادي
B5: م | C5: القاعدة | D5: مساحة النظافة (م²) | E5: مساحة السيكلوبين (م²) | F5: مساحة شريط الإزاحة (م²) | G5: الحفر قبل على مساحة النظافة (م³) | H5: الحفر بعد على مساحة السيكلوبين (م³) | I5: الحفر الزائد (م³) | J5: خرسانة السيكلوبين (م³) | K5: ردم شريط الإزاحة فوق السيكلوبين (م³)
D6: من الرسم | E6: من الرسم | F6: سيكلوبين − نظافة | G6: نظافة × عمق الحفر | H6: سيكلوبين × عمق الحفر | I6: بعد − قبل | J6: سيكلوبين × السماكة | K6: شريط × ارتفاع الردم
B7: 1 | C7: قاعدة الجدار الاستنادي – الجزء الشمالي والشرقي | D7: 180.09 | E7: 254 | F7: =E7-D7 -> 73.91 | G7: =D7*'الملخص'!$C$11 -> 522.261 | H7: =E7*'الملخص'!$C$11 -> 736.6 | I7: =H7-G7 -> 214.339 | J7: =E7*'الملخص'!$C$9 -> 127 | K7: =F7*'الملخص'!$C$12 -> 177.384
B8: 2 | C8: قاعدة الجدار الاستنادي – الجزء الجنوبي والمنحنى | D8: 38.65 | E8: 58.35 | F8: =E8-D8 -> 19.7 | G8: =D8*'الملخص'!$C$11 -> 112.085 | H8: =E8*'الملخص'!$C$11 -> 169.215 | I8: =H8-G8 -> 57.13 | J8: =E8*'الملخص'!$C$9 -> 29.175 | K8: =F8*'الملخص'!$C$12 -> 47.28
B9: 3 | C9: قاعدة منفصلة P1 | D9: 14.44 | E9: 28.33 | F9: =E9-D9 -> 13.89 | G9: =D9*'الملخص'!$C$11 -> 41.876 | H9: =E9*'الملخص'!$C$11 -> 82.157 | I9: =H9-G9 -> 40.281 | J9: =E9*'الملخص'!$C$9 -> 14.165 | K9: =F9*'الملخص'!$C$12 -> 33.336
B10: 4 | C10: قاعدة منفصلة P2 | D10: 5.25 | E10: 16.29 | F10: =E10-D10 -> 11.04 | G10: =D10*'الملخص'!$C$11 -> 15.225 | H10: =E10*'الملخص'!$C$11 -> 47.241 | I10: =H10-G10 -> 32.016 | J10: =E10*'الملخص'!$C$9 -> 8.145 | K10: =F10*'الملخص'!$C$12 -> 26.496
B11: 5 | C11: قاعدة منفصلة P3 | D11: 5.25 | E11: 12.87 | F11: =E11-D11 -> 7.62 | G11: =D11*'الملخص'!$C$11 -> 15.225 | H11: =E11*'الملخص'!$C$11 -> 37.323 | I11: =H11-G11 -> 22.098 | J11: =E11*'الملخص'!$C$9 -> 6.435 | K11: =F11*'الملخص'!$C$12 -> 18.288
B12: المجموع | D12: =SUM(D7:D11) -> 243.68 | E12: =SUM(E7:E11) -> 369.84 | F12: =SUM(F7:F11) -> 126.16 | G12: =SUM(G7:G11) -> 706.672 | H12: =SUM(H7:H11) -> 1072.536 | I12: =SUM(I7:I11) -> 365.864 | J12: =SUM(J7:J11) -> 184.92 | K12: =SUM(K7:K11) -> 302.784
B14: ملاحظات:
B15: • مساحات النظافة والسيكلوبين مقيسة من ملف syclopien.dxf (التهشير الرمادي على طبقة S-D-WATER PROOF، وهو مرسوم على حد النظافة).
B16: • في أماكن تداخل إزاحات القواعد المتجاورة وُزّعت المساحة المشتركة على أقرب قاعدة حتى لا تُحسب مرتين.
B17: • الحفر الزائد = توسيع حفر القواعد بشريط الإزاحة من المنسوب العام حتى منسوب الحفر النهائي؛ لا يوجد حفر تحت هذا المنسوب.
B18: • الردم الزائد = شريط الإزاحة فوق السيكلوبين حتى المنسوب العام. لا يشمل الردم فوق القواعد نفسها لأنه موجود في الحالتين.
B19: • الجوانب محسوبة رأسية؛ أي ميول في جوانب الحفر تزيد الحفر والردم.
B20: • الخلايا الزرقاء قيم مقيسة من الرسم، والباقي معادلات مرتبطة بصفحة الملخص.

Sheet بديل - الإزاحة من حد النظافة
B2: جدول تفصيلي – بديل - الإزاحة من حد النظافة
B3: للمقارنة فقط: الإزاحة 1.0 م مقيسة من خط التهشير (حد النظافة) – بدون إزاحة على الوجه الخارجي للجدار الاستنادي
B5: م | C5: القاعدة | D5: مساحة النظافة (م²) | E5: مساحة السيكلوبين (م²) | F5: مساحة شريط الإزاحة (م²) | G5: الحفر قبل على مساحة النظافة (م³) | H5: الحفر بعد على مساحة السيكلوبين (م³) | I5: الحفر الزائد (م³) | J5: خرسانة السيكلوبين (م³) | K5: ردم شريط الإزاحة فوق السيكلوبين (م³)
D6: من الرسم | E6: من الرسم | F6: سيكلوبين − نظافة | G6: نظافة × عمق الحفر | H6: سيكلوبين × عمق الحفر | I6: بعد − قبل | J6: سيكلوبين × السماكة | K6: شريط × ارتفاع الردم
B7: 1 | C7: قاعدة الجدار الاستنادي – الجزء الشمالي والشرقي | D7: 180.09 | E7: 262.24 | F7: =E7-D7 -> 82.15 | G7: =D7*'الملخص'!$C$11 -> 522.261 | H7: =E7*'الملخص'!$C$11 -> 760.496 | I7: =H7-G7 -> 238.235 | J7: =E7*'الملخص'!$C$9 -> 131.12 | K7: =F7*'الملخص'!$C$12 -> 197.16
B8: 2 | C8: قاعدة الجدار الاستنادي – الجزء الجنوبي والمنحنى | D8: 38.65 | E8: 60.51 | F8: =E8-D8 -> 21.86 | G8: =D8*'الملخص'!$C$11 -> 112.085 | H8: =E8*'الملخص'!$C$11 -> 175.479 | I8: =H8-G8 -> 63.394 | J8: =E8*'الملخص'!$C$9 -> 30.255 | K8: =F8*'الملخص'!$C$12 -> 52.464
B9: 3 | C9: قاعدة منفصلة P1 | D9: 14.44 | E9: 29.95 | F9: =E9-D9 -> 15.51 | G9: =D9*'الملخص'!$C$11 -> 41.876 | H9: =E9*'الملخص'!$C$11 -> 86.855 | I9: =H9-G9 -> 44.979 | J9: =E9*'الملخص'!$C$9 -> 14.975 | K9: =F9*'الملخص'!$C$12 -> 37.224
B10: 4 | C10: قاعدة منفصلة P2 | D10: 5.25 | E10: 17.73 | F10: =E10-D10 -> 12.48 | G10: =D10*'الملخص'!$C$11 -> 15.225 | H10: =E10*'الملخص'!$C$11 -> 51.417 | I10: =H10-G10 -> 36.192 | J10: =E10*'الملخص'!$C$9 -> 8.865 | K10: =F10*'الملخص'!$C$12 -> 29.952
B11: 5 | C11: قاعدة منفصلة P3 | D11: 5.25 | E11: 13.82 | F11: =E11-D11 -> 8.57 | G11: =D11*'الملخص'!$C$11 -> 15.225 | H11: =E11*'الملخص'!$C$11 -> 40.078 | I11: =H11-G11 -> 24.853 | J11: =E11*'الملخص'!$C$9 -> 6.91 | K11: =F11*'الملخص'!$C$12 -> 20.568
B12: المجموع | D12: =SUM(D7:D11) -> 243.68 | E12: =SUM(E7:E11) -> 384.25 | F12: =SUM(F7:F11) -> 140.57 | G12: =SUM(G7:G11) -> 706.672 | H12: =SUM(H7:H11) -> 1114.325 | I12: =SUM(I7:I11) -> 407.653 | J12: =SUM(J7:J11) -> 192.125 | K12: =SUM(K7:K11) -> 337.368
B14: ملاحظات:
B15: • مساحات النظافة والسيكلوبين مقيسة من ملف syclopien.dxf (التهشير الرمادي على طبقة S-D-WATER PROOF، وهو مرسوم على حد النظافة).
B16: • في أماكن تداخل إزاحات القواعد المتجاورة وُزّعت المساحة المشتركة على أقرب قاعدة حتى لا تُحسب مرتين.
B17: • الحفر الزائد = توسيع حفر القواعد بشريط الإزاحة من المنسوب العام حتى منسوب الحفر النهائي؛ لا يوجد حفر تحت هذا المنسوب.
B18: • الردم الزائد = شريط الإزاحة فوق السيكلوبين حتى المنسوب العام. لا يشمل الردم فوق القواعد نفسها لأنه موجود في الحالتين.
B19: • الجوانب محسوبة رأسية؛ أي ميول في جوانب الحفر تزيد الحفر والردم.
B20: • الخلايا الزرقاء قيم مقيسة من الرسم، والباقي معادلات مرتبطة بصفحة الملخص.
